full_store_name,full_store_address
Carrefour Lublin,ul. Witosa 6 20-315 Lublin
Carrefour Market Zabrze Janika,ul. Janika 11 41-800 Zabrze
Carrefour Kędzierzyn-Koźle,ul. Kozielska 20 47-220 Kędzierzyn-Koźle
Carrefour Bydgoszcz Glinki,ul. Jana Pawła II 115 85-140 Bydgoszcz
Carrefour Market Katowice,ul. Św. Wojciecha 3 40-474 Katowice
Carrefour Gliwice Arena,ul. Nowaka-Jeziorańskiego 1 44-102 Gliwice
Carrefour Market Świdnik,ul. Lotników Polskich 38 21-040 Świdnik
Carrefour Szczecin Gumieńce,ul. Mieszka I 73 71-011 Szczecin
Carrefour Market Warszawa Światowida,ul. Światowida 18 03-144 Warszawa
Carrefour Market Legionowo,ul. Piłsudskiego 43a 05-120 Legionowo
Carrefour Market Siedlce,ul. Monte Cassino 77 08-110 Siedlce
Carrefour Tczew,ul. Braci Grimm 4 83-110 Tczew
Carrefour Lublin,ul. Witosa 6 20-315 Lublin
Carrefour Market Zabrze Janika,ul. Janika 11 41-800 Zabrze
Carrefour Kędzierzyn-Koźle,ul. Kozielska 20 47-220 Kędzierzyn-Koźle
Carrefour Bydgoszcz Glinki,ul. Jana Pawła II 115 85-140 Bydgoszcz
Carrefour Market Katowice,ul. Św. Wojciecha 3 40-474 Katowice
Carrefour Gliwice Arena,ul. Nowaka-Jeziorańskiego 1 44-102 Gliwice
Carrefour Market Świdnik,ul. Lotników Polskich 38 21-040 Świdnik
Carrefour Szczecin Gumieńce,ul. Mieszka I 73 71-011 Szczecin
Carrefour Market Warszawa Światowida,ul. Światowida 18 03-144 Warszawa
Carrefour Market Legionowo,ul. Piłsudskiego 43a 05-120 Legionowo
Carrefour Market Siedlce,ul. Monte Cassino 77 08-110 Siedlce
Carrefour Tczew,ul. Braci Grimm 4 83-110 Tczew
Carrefour Białystok Zielone Wzgórze,ul. Wrocławska 20 15-644 Białystok
Carrefour Olsztyn,ul. Krasickiego 1 b 10-685 Olsztyn
Carrefour Grudziądz - Galeria ka,ul. Konarskiego 45 86-300 Grudziądz
Carrefour Express Warszawa Marszałkowska 104/122,ul. Marszałkowska 104/122 00-017 Warszawa
Carrefour Express Sopot,ul. Kościuszki 26 81-702 Sopot
Carrefour Białystok - Outlet,ul. Wysockiego 67 15-168 Białystok
Carrefour Gdańsk Factory,ul. Przywidzka 6 80-174 Gdańsk
Carrefour Market Warszawa Klaudyny,ul. Klaudyny 26 01-684 Warszawa
Carrefour Market Warszawa - Mokotów,ul. Modzelewskiego 42/44 02-679 Warszawa
Carrefour Market Ciechanów Armii Krajowej,ul. Armii Krajowej 24 06-413 Ciechanów
Carrefour Market Łódź Zarzewska,ul. Zarzewska 51 93-129 Łódź
Carrefour Market Rzeszów Obrońców Poczty Gdańskiej,ul. Obrońców Poczty Gdańskiej 14 35-326 Rzeszów
Carrefour Łódź Przybyszewskiego,ul. Przybyszewskiego 176/178 93-120 Łódź
Carrefour Zawada Turawa,ul. Dębowa 1 46-022 Zawada
Carrefour Pabianice Carrefour,ul. Popławska 4/20 95-200 Pabianice
Carrefour Bolesławiec 10-go Marca,ul. 10-go Marca 1 59-700 Bolesławiec
Carrefour Market Żyrardów,ul. Jadwigi Janiny Kacperskiej 13 96-300 Żyrardów
Carrefour Zgorzelec Łagów,ul. Jeleniogórska 42 59-900 Zgorzelec
Carrefour Market Jasło,ul. Baczyńskiego 20 38-200 Jasło
Carrefour Market Sanok,ul. Traugutta 78/1 38-500 Sanok
Carrefour Market Krosno Lewakowskiego,ul. Lewakowskiego 5 38-400 Krosno
Carrefour Nowy Sącz Węgierska,ul. Węgierska 170 33-300 Nowy Sącz
Carrefour Warszawa Wileńska,ul. Targowa 72 03-734 Warszawa
Supermarket Franczyzowy Poznań Nowogrodzka,ul. Nowogrodzka 13/15 61-048 Poznań
Carrefour Market Łomża,ul. Zawadzka 38 18-400 Łomża
Carrefour Bielany Wrocławskie Bielany,ul. Czekoladowa 7/9 55-040 Bielany Wrocławskie
Carrefour Ostrowiec Świętokrzyski,ul. Mickiewicza 30 27-400 Ostrowiec Świętokrzyski
Carrefour Market Warszawa,ul. Anny German 20 01-794 Warszawa
Carrefour Market Lublin Olimp,ul. Al. Spółdzielczości Pracy 32 20-147 Lublin
Supermarket Franczyzowy Chrzanów,ul. Szpitalna 45 32-500 Chrzanów
Carrefour Market Stalowa Wola,ul. Jana Pawła II 44 37-450 Stalowa Wola
Carrefour Biała Podlaska Jana III Sobieskiego,ul. Jana III Sobieskiego 9 21-500 Biała Podlaska
Carrefour Chełm Lwowska,ul. Lwowska 81 22-100 Chełm
Carrefour Stojadła (koło Mińsk Mazowiecki),ul. Warszawska 61 05-300 Stojadła (koło Mińsk Mazowiecki)
Carrefour Katowice Roździeńskiego,ul. Roździeńskiego 200 40-315 Katowice
Carrefour Bytom Plejada,ul. Jana Nowaka Jeziorańskiego 25 41-923 Bytom
Carrefour Jastrzębie Zdrój,ul. Podhalańska 26 44-335 Jastrzębie Zdrój
Carrefour Gliwice Forum,ul. Lipowa 1 44-100 Gliwice
Carrefour Tarnowskie Góry,ul. Kościuszki 5 42-600 Tarnowskie Góry
Carrefour Market Ustroń,ul. Brody 6 43-450 Ustroń
Carrefour Market Lędziny,ul. Lędzinska 1 43-143 Lędziny
Carrefour Szczecin Turzyn,ul. Bohaterów Warszawy 42 70-342 Szczecin
Carrefour Toruń - skie Centrum Handlowe Bielawy,ul. Olsztyńska 8 87-100 Toruń
Carrefour Market Poznań Kosmonautów,ul. Osiedle Kosmonautów 104 61-642 Poznań
Carrefour Market Wrocław pl. Dominikański,ul. Plac Dominikański 3 50-159 Wrocław
Carrefour Rybnik - Galeria Śląska,ul. Gliwicka 45 44-200 Rybnik
Carrefour Market Płońsk,ul. Północna 1A 09-100 Płońsk
Carrefour Market Warszawa Rembielińska,ul. Rembielińska 7 03-343 Warszawa
Carrefour Market Warszawa Sadyba,ul. Powsińska 31 02-903 Warszawa
Carrefour Warszawa Bemowo,ul. Powstańców Śląskich 126 01-466 Warszawa
Carrefour Bydgoszcz Galeria Pomorska,ul. Fordońska 141 85-739 Bydgoszcz
Carrefour Starogard Gdański,ul. Niepodległości 2a 83-200 Starogard Gdański
Carrefour Kwidzyn - Stary Młyn,ul. 3 Maja 26 82-500 Kwidzyn
Carrefour Warszawa - Galeria Mokotów,ul. Wołoska 12 02-675 Warszawa
Carrefour Market Grodzisk Mazowiecki,ul. Królewska 86 05-827 Grodzisk Mazowiecki
Carrefour Express Warszawa Solec,ul. Solec 32/34 00-391 Warszawa
Carrefour Express Warszawa ONZ,ul. Rondo ONZ 1 00-124 Warszawa
Carrefour Market Gdańsk Cygańska Góra,ul. Cygańska Góra 3F 80-171 Gdańsk
Carrefour Gdańsk - Galeria Bałtycka,ul. Grunwaldzka 141 80-264 Gdańsk
Carrefour Market Kraków Galeria Kazimierz,ul. Podgórska 34 31-536 Kraków
Carrefour Market Łódź Grabieniec,ul. Grabieniec 19 91-149 Łódź
Carrefour Market Płock,ul. Przemysłowa 1 09-400 Płock
Carrefour Łódź Łodź Kolumny,ul. Kolumny 6/36 93-342 Łódź
Carrefour Kraków Czyżyny,ul. M.Medweckiego 2 31-870 Kraków
Carrefour Legnica Piekary,ul. Piłsudskiego 84 59-220 Legnica
Carrefour Kutno,ul. Oporowska 6A 99-300 Kutno
Carrefour Sochaczew,ul. Warszawska 119 96-500 Sochaczew
Carrefour Market Łódź,ul. Rydza Śmigłego 32A 93-285 Łódź
Carrefour Express Łódź Legionów,ul. Legionów 16 90-701 Łódź
Carrefour Głogów,ul. Ks. Józefa Poniatowskiego 12 67-205 Głogów
Carrefour Market Brzesko,ul. Królowej Jadwigi 3 32-800 Brzesko
Carrefour Market Wadowice,ul. J. Putka 2 34-100 Wadowice
Carrefour Market Kraków Lea,ul. Juliusza Lea 53 30-133 Kraków
Carrefour Wrocław - Futura Park,ul. Graniczna 2A 54-610 Wrocław
Carrefour Kłodzko - Galeria Twierdza,ul. Noworudzka 2 57-300 Kłodzko
Carrefour Market Lublin,ul. Andersa 9 20-249 Lublin
Carrefour Zamość Lwowska,ul. Lwowska 56 22-400 Zamość
Supermarket Franczyzowy Nowy Sącz,ul. Armii Krajowej 13 33-300 Nowy Sącz
Supermarket Franczyzowy Pruszków,ul. Powstańców 44 05-800 Pruszków
Supermarket Franczyzowy Kraków Bobrzyńskiego,ul. Michała Bobrzyńskiego 37 30-348 Kraków
Supermarket Franczyzowy Koło,ul. Sienkiewicza 30c 62-600 Koło
Supermarket Franczyzowy Wrocław Bardzka,ul. Bardzka 3 50-517 Wrocław
Supermarket Franczyzowy Myślenice,ul. Słowackiego 42 32-400 Myślenice
Carrefour Market Poznań,ul. Półwiejska 42 61-888 Poznań
Supermarket Franczyzowy Legnica,ul. Najświętszej Marii Panny 9 59-220 Legnica
Supermarket Franczyzowy Tuchów,ul. Kazimierza Wielkiego 12 33-170 Tuchów
Carrefour Sosnowiec,ul. Staszica 8B 41-200 Sosnowiec
Carrefour Market Ruda Śląska,ul. 1-go Maja 310 41-710 Ruda Śląska
Carrefour Market Sosnowiec Główna,ul. Główna 22 41-215 Sosnowiec
Carrefour Market Lubliniec,ul. Karola Miarki 11A 42-700 Lubliniec
Carrefour Market Koziegłowy k/Poznania Koziegłowy,ul. Poznańska 15 62-028 Koziegłowy k/Poznania
Carrefour Market Pszczyna,ul. Bielska 24 43-200 Pszczyna
Carrefour Market Bytom Reptowska,ul. Reptowska 37 41-908 Bytom
Carrefour Wodzisław Śląski,ul. Matuszczyka 2 44-300 Wodzisław Śląski
Carrefour Oświęcim - Centrum Handlowe Niwa,ul. Powstańców Śląskich 1 32-600 Oświęcim
Carrefour Market Katowice Przemysłowa,ul. Przemysłowa 3 40-020 Katowice
Carrefour Bielsko-Biała Sarni Stok,ul. Sarni Stok 2 43-300 Bielsko-Biała
Carrefour Jaworzno Wojska Polskiego,ul. Wojska Polskiego 2D 43-603 Jaworzno
Carrefour Inowrocław,ul. Wojska Polskiego 10 88-109 Inowrocław
Carrefour Piła,ul. 14 Lutego 26 64-920 Piła
Carrefour Market Bydgoszcz Wyzwolenia,ul. Wyzwolenia 66 85-709 Bydgoszcz
Carrefour Gniezno - Galeria Gnieźnieńska,ul. Pałucka 2 62-200 Gniezno
Carrefour Poznań Panorama,ul. Górecka 30 60-201 Poznań
Carrefour Market Zabrze,ul. Jordana 86 41-813 Zabrze
Carrefour Market Nowy Dwór Mazowiecki,ul. Spacerowa 2 05-100 Nowy Dwór Mazowiecki
Carrefour Market Kraśnik,ul. Słowackiego 72 23-210 Kraśnik
Carrefour Elbląg Ogrody,ul. Dąbka 152 82-300 Elbląg
Carrefour Chojnice Bayeux,ul. Bayeux 1 89-604 Chojnice
Carrefour Market Sandomierz,ul. Błonie 2 27-600 Sandomierz
Carrefour Market Kraków Fabryczna,ul. Fabryczna 11 31-553 Kraków
Carrefour Chorzów Parkowa,ul. Parkowa 20 41-500 Chorzów
Carrefour Bydgoszcz Fordon,ul. Skarżyńskiego 2 85-791 Bydgoszcz
Carrefour Market Pyskowice,ul. Armii Krajowej 25/27 44-120 Pyskowice
Carrefour Market Siemianowice Śląskie Jagiełły,ul. Jagiełły 4 41-100 Siemianowice Śląskie
Supermarket Franczyzowy Nysa,ul. Wolności 2 48-300 Nysa
Carrefour Market Warszawa,ul. Dolna 43/45 00-774 Warszawa
Supermarket Franczyzowy Bolesławiec,ul. Śluzowa 21 59-700 Bolesławiec
Supermarket Franczyzowy Konstancin Jeziorna Warszawska,ul. Warszawska 171 05-520 Konstancin Jeziorna
Supermarket Franczyzowy Kąty Wrocławskie,ul. Ks. Jerzego Popiełuszki 21 55-080 Kąty Wrocławskie
Carrefour Market Sandomierz,ul. Błonie 2 27-600 Sandomierz
Carrefour Market Kraków Fabryczna,ul. Fabryczna 11 31-553 Kraków
Carrefour Chorzów Parkowa,ul. Parkowa 20 41-500 Chorzów
Carrefour Bydgoszcz Fordon,ul. Skarżyńskiego 2 85-791 Bydgoszcz
Carrefour Market Pyskowice,ul. Armii Krajowej 25/27 44-120 Pyskowice
Carrefour Market Siemianowice Śląskie Jagiełły,ul. Jagiełły 4 41-100 Siemianowice Śląskie
Supermarket Franczyzowy Nysa,ul. Wolności 2 48-300 Nysa
Carrefour Market Warszawa,ul. Dolna 43/45 00-774 Warszawa
Supermarket Franczyzowy Bolesławiec,ul. Śluzowa 21 59-700 Bolesławiec
Supermarket Franczyzowy Konstancin Jeziorna Warszawska,ul. Warszawska 171 05-520 Konstancin Jeziorna
Supermarket Franczyzowy Kąty Wrocławskie,ul. Ks. Jerzego Popiełuszki 21 55-080 Kąty Wrocławskie
Carrefour Market Sandomierz,ul. Błonie 2 27-600 Sandomierz
Carrefour Market Kraków Fabryczna,ul. Fabryczna 11 31-553 Kraków
Carrefour Chorzów Parkowa,ul. Parkowa 20 41-500 Chorzów
Carrefour Bydgoszcz Fordon,ul. Skarżyńskiego 2 85-791 Bydgoszcz
Carrefour Market Pyskowice,ul. Armii Krajowej 25/27 44-120 Pyskowice
Carrefour Market Siemianowice Śląskie Jagiełły,ul. Jagiełły 4 41-100 Siemianowice Śląskie
Supermarket Franczyzowy Nysa,ul. Wolności 2 48-300 Nysa
Carrefour Market Warszawa,ul. Dolna 43/45 00-774 Warszawa
Supermarket Franczyzowy Bolesławiec,ul. Śluzowa 21 59-700 Bolesławiec
Supermarket Franczyzowy Konstancin Jeziorna Warszawska,ul. Warszawska 171 05-520 Konstancin Jeziorna
Supermarket Franczyzowy Kąty Wrocławskie,ul. Ks. Jerzego Popiełuszki 21 55-080 Kąty Wrocławskie
Carrefour Market Sandomierz,ul. Błonie 2 27-600 Sandomierz
Carrefour Market Kraków Fabryczna,ul. Fabryczna 11 31-553 Kraków
Carrefour Chorzów Parkowa,ul. Parkowa 20 41-500 Chorzów
Carrefour Bydgoszcz Fordon,ul. Skarżyńskiego 2 85-791 Bydgoszcz
Carrefour Market Pyskowice,ul. Armii Krajowej 25/27 44-120 Pyskowice
Carrefour Market Siemianowice Śląskie Jagiełły,ul. Jagiełły 4 41-100 Siemianowice Śląskie
Supermarket Franczyzowy Nysa,ul. Wolności 2 48-300 Nysa
Carrefour Market Warszawa,ul. Dolna 43/45 00-774 Warszawa
Supermarket Franczyzowy Bolesławiec,ul. Śluzowa 21 59-700 Bolesławiec
Supermarket Franczyzowy Konstancin Jeziorna Warszawska,ul. Warszawska 171 05-520 Konstancin Jeziorna
Supermarket Franczyzowy Kąty Wrocławskie,ul. Ks. Jerzego Popiełuszki 21 55-080 Kąty Wrocławskie
Carrefour Market Sandomierz,ul. Błonie 2 27-600 Sandomierz
Carrefour Market Kraków Fabryczna,ul. Fabryczna 11 31-553 Kraków
Carrefour Chorzów Parkowa,ul. Parkowa 20 41-500 Chorzów
Carrefour Bydgoszcz Fordon,ul. Skarżyńskiego 2 85-791 Bydgoszcz
Carrefour Market Pyskowice,ul. Armii Krajowej 25/27 44-120 Pyskowice
Carrefour Market Siemianowice Śląskie Jagiełły,ul. Jagiełły 4 41-100 Siemianowice Śląskie
Supermarket Franczyzowy Nysa,ul. Wolności 2 48-300 Nysa
Carrefour Market Warszawa,ul. Dolna 43/45 00-774 Warszawa
Supermarket Franczyzowy Bolesławiec,ul. Śluzowa 21 59-700 Bolesławiec
Supermarket Franczyzowy Konstancin Jeziorna Warszawska,ul. Warszawska 171 05-520 Konstancin Jeziorna
Supermarket Franczyzowy Kąty Wrocławskie,ul. Ks. Jerzego Popiełuszki 21 55-080 Kąty Wrocławskie
Carrefour Lublin,ul. Witosa 6 20-315 Lublin
Carrefour Market Zabrze Janika,ul. Janika 11 41-800 Zabrze
Carrefour Kędzierzyn-Koźle,ul. Kozielska 20 47-220 Kędzierzyn-Koźle
Carrefour Bydgoszcz Glinki,ul. Jana Pawła II 115 85-140 Bydgoszcz
Carrefour Market Katowice,ul. Św. Wojciecha 3 40-474 Katowice
Carrefour Gliwice Arena,ul. Nowaka-Jeziorańskiego 1 44-102 Gliwice
Carrefour Market Świdnik,ul. Lotników Polskich 38 21-040 Świdnik
Carrefour Szczecin Gumieńce,ul. Mieszka I 73 71-011 Szczecin
Carrefour Market Warszawa Światowida,ul. Światowida 18 03-144 Warszawa
Carrefour Market Legionowo,ul. Piłsudskiego 43a 05-120 Legionowo
Carrefour Market Siedlce,ul. Monte Cassino 77 08-110 Siedlce
Carrefour Tczew,ul. Braci Grimm 4 83-110 Tczew
Carrefour Lublin,ul. Witosa 6 20-315 Lublin
Carrefour Market Zabrze Janika,ul. Janika 11 41-800 Zabrze
Carrefour Kędzierzyn-Koźle,ul. Kozielska 20 47-220 Kędzierzyn-Koźle
Carrefour Bydgoszcz Glinki,ul. Jana Pawła II 115 85-140 Bydgoszcz
Carrefour Market Katowice,ul. Św. Wojciecha 3 40-474 Katowice
Carrefour Gliwice Arena,ul. Nowaka-Jeziorańskiego 1 44-102 Gliwice
Carrefour Market Świdnik,ul. Lotników Polskich 38 21-040 Świdnik
Carrefour Szczecin Gumieńce,ul. Mieszka I 73 71-011 Szczecin
Carrefour Market Warszawa Światowida,ul. Światowida 18 03-144 Warszawa
Carrefour Market Legionowo,ul. Piłsudskiego 43a 05-120 Legionowo
Carrefour Market Siedlce,ul. Monte Cassino 77 08-110 Siedlce
Carrefour Tczew,ul. Braci Grimm 4 83-110 Tczew
Carrefour Białystok Zielone Wzgórze,ul. Wrocławska 20 15-644 Białystok
Carrefour Olsztyn,ul. Krasickiego 1 b 10-685 Olsztyn
Carrefour Grudziądz - Galeria ka,ul. Konarskiego 45 86-300 Grudziądz
Carrefour Express Warszawa Marszałkowska 104/122,ul. Marszałkowska 104/122 00-017 Warszawa
Carrefour Express Sopot,ul. Kościuszki 26 81-702 Sopot
Carrefour Białystok - Outlet,ul. Wysockiego 67 15-168 Białystok
Carrefour Gdańsk Factory,ul. Przywidzka 6 80-174 Gdańsk
Carrefour Market Warszawa Klaudyny,ul. Klaudyny 26 01-684 Warszawa
Carrefour Market Warszawa - Mokotów,ul. Modzelewskiego 42/44 02-679 Warszawa
Carrefour Market Ciechanów Armii Krajowej,ul. Armii Krajowej 24 06-413 Ciechanów
Carrefour Market Łódź Zarzewska,ul. Zarzewska 51 93-129 Łódź
Carrefour Market Rzeszów Obrońców Poczty Gdańskiej,ul. Obrońców Poczty Gdańskiej 14 35-326 Rzeszów
Carrefour Łódź Przybyszewskiego,ul. Przybyszewskiego 176/178 93-120 Łódź
Carrefour Zawada Turawa,ul. Dębowa 1 46-022 Zawada
Carrefour Pabianice Carrefour,ul. Popławska 4/20 95-200 Pabianice
Carrefour Bolesławiec 10-go Marca,ul. 10-go Marca 1 59-700 Bolesławiec
Carrefour Market Żyrardów,ul. Jadwigi Janiny Kacperskiej 13 96-300 Żyrardów
Carrefour Zgorzelec Łagów,ul. Jeleniogórska 42 59-900 Zgorzelec
Carrefour Market Jasło,ul. Baczyńskiego 20 38-200 Jasło
Carrefour Market Sanok,ul. Traugutta 78/1 38-500 Sanok
Carrefour Market Krosno Lewakowskiego,ul. Lewakowskiego 5 38-400 Krosno
Carrefour Nowy Sącz Węgierska,ul. Węgierska 170 33-300 Nowy Sącz
Carrefour Warszawa Wileńska,ul. Targowa 72 03-734 Warszawa
Supermarket Franczyzowy Poznań Nowogrodzka,ul. Nowogrodzka 13/15 61-048 Poznań
Carrefour Market Łomża,ul. Zawadzka 38 18-400 Łomża
Carrefour Bielany Wrocławskie Bielany,ul. Czekoladowa 7/9 55-040 Bielany Wrocławskie
Carrefour Ostrowiec Świętokrzyski,ul. Mickiewicza 30 27-400 Ostrowiec Świętokrzyski
Carrefour Market Warszawa,ul. Anny German 20 01-794 Warszawa
Carrefour Market Lublin Olimp,ul. Al. Spółdzielczości Pracy 32 20-147 Lublin
Supermarket Franczyzowy Chrzanów,ul. Szpitalna 45 32-500 Chrzanów
Carrefour Market Stalowa Wola,ul. Jana Pawła II 44 37-450 Stalowa Wola
Carrefour Biała Podlaska Jana III Sobieskiego,ul. Jana III Sobieskiego 9 21-500 Biała Podlaska
Carrefour Chełm Lwowska,ul. Lwowska 81 22-100 Chełm
Carrefour Stojadła (koło Mińsk Mazowiecki),ul. Warszawska 61 05-300 Stojadła (koło Mińsk Mazowiecki)
Carrefour Katowice Roździeńskiego,ul. Roździeńskiego 200 40-315 Katowice
Carrefour Bytom Plejada,ul. Jana Nowaka Jeziorańskiego 25 41-923 Bytom
Carrefour Jastrzębie Zdrój,ul. Podhalańska 26 44-335 Jastrzębie Zdrój
Carrefour Gliwice Forum,ul. Lipowa 1 44-100 Gliwice
Carrefour Tarnowskie Góry,ul. Kościuszki 5 42-600 Tarnowskie Góry
Carrefour Market Ustroń,ul. Brody 6 43-450 Ustroń
Carrefour Market Lędziny,ul. Lędzinska 1 43-143 Lędziny
Carrefour Szczecin Turzyn,ul. Bohaterów Warszawy 42 70-342 Szczecin
Carrefour Toruń - skie Centrum Handlowe Bielawy,ul. Olsztyńska 8 87-100 Toruń
Carrefour Market Poznań Kosmonautów,ul. Osiedle Kosmonautów 104 61-642 Poznań
Carrefour Market Wrocław pl. Dominikański,ul. Plac Dominikański 3 50-159 Wrocław
Carrefour Rybnik - Galeria Śląska,ul. Gliwicka 45 44-200 Rybnik
Carrefour Market Płońsk,ul. Północna 1A 09-100 Płońsk
Carrefour Market Warszawa Rembielińska,ul. Rembielińska 7 03-343 Warszawa
Carrefour Market Warszawa Sadyba,ul. Powsińska 31 02-903 Warszawa
Carrefour Warszawa Bemowo,ul. Powstańców Śląskich 126 01-466 Warszawa
Carrefour Bydgoszcz Galeria Pomorska,ul. Fordońska 141 85-739 Bydgoszcz
Carrefour Starogard Gdański,ul. Niepodległości 2a 83-200 Starogard Gdański
Carrefour Kwidzyn - Stary Młyn,ul. 3 Maja 26 82-500 Kwidzyn
Carrefour Warszawa - Galeria Mokotów,ul. Wołoska 12 02-675 Warszawa
Carrefour Market Grodzisk Mazowiecki,ul. Królewska 86 05-827 Grodzisk Mazowiecki
Carrefour Express Warszawa Solec,ul. Solec 32/34 00-391 Warszawa
Carrefour Express Warszawa ONZ,ul. Rondo ONZ 1 00-124 Warszawa
Carrefour Market Gdańsk Cygańska Góra,ul. Cygańska Góra 3F 80-171 Gdańsk
Carrefour Gdańsk - Galeria Bałtycka,ul. Grunwaldzka 141 80-264 Gdańsk
Carrefour Market Kraków Galeria Kazimierz,ul. Podgórska 34 31-536 Kraków
Carrefour Market Łódź Grabieniec,ul. Grabieniec 19 91-149 Łódź
Carrefour Market Płock,ul. Przemysłowa 1 09-400 Płock
Carrefour Łódź Łodź Kolumny,ul. Kolumny 6/36 93-342 Łódź
Carrefour Kraków Czyżyny,ul. M.Medweckiego 2 31-870 Kraków
Carrefour Legnica Piekary,ul. Piłsudskiego 84 59-220 Legnica
Carrefour Kutno,ul. Oporowska 6A 99-300 Kutno
Carrefour Sochaczew,ul. Warszawska 119 96-500 Sochaczew
Carrefour Market Łódź,ul. Rydza Śmigłego 32A 93-285 Łódź
Carrefour Express Łódź Legionów,ul. Legionów 16 90-701 Łódź
Carrefour Głogów,ul. Ks. Józefa Poniatowskiego 12 67-205 Głogów
Carrefour Market Brzesko,ul. Królowej Jadwigi 3 32-800 Brzesko
Carrefour Market Wadowice,ul. J. Putka 2 34-100 Wadowice
Carrefour Market Kraków Lea,ul. Juliusza Lea 53 30-133 Kraków
Carrefour Wrocław - Futura Park,ul. Graniczna 2A 54-610 Wrocław
Carrefour Kłodzko - Galeria Twierdza,ul. Noworudzka 2 57-300 Kłodzko
Carrefour Market Lublin,ul. Andersa 9 20-249 Lublin
Carrefour Zamość Lwowska,ul. Lwowska 56 22-400 Zamość
Supermarket Franczyzowy Nowy Sącz,ul. Armii Krajowej 13 33-300 Nowy Sącz
Supermarket Franczyzowy Pruszków,ul. Powstańców 44 05-800 Pruszków
Supermarket Franczyzowy Kraków Bobrzyńskiego,ul. Michała Bobrzyńskiego 37 30-348 Kraków
Supermarket Franczyzowy Koło,ul. Sienkiewicza 30c 62-600 Koło
Supermarket Franczyzowy Wrocław Bardzka,ul. Bardzka 3 50-517 Wrocław
Supermarket Franczyzowy Myślenice,ul. Słowackiego 42 32-400 Myślenice
Carrefour Market Poznań,ul. Półwiejska 42 61-888 Poznań
Supermarket Franczyzowy Legnica,ul. Najświętszej Marii Panny 9 59-220 Legnica
Supermarket Franczyzowy Tuchów,ul. Kazimierza Wielkiego 12 33-170 Tuchów
Carrefour Sosnowiec,ul. Staszica 8B 41-200 Sosnowiec
Carrefour Market Ruda Śląska,ul. 1-go Maja 310 41-710 Ruda Śląska
Carrefour Market Sosnowiec Główna,ul. Główna 22 41-215 Sosnowiec
Carrefour Market Lubliniec,ul. Karola Miarki 11A 42-700 Lubliniec
Carrefour Market Koziegłowy k/Poznania Koziegłowy,ul. Poznańska 15 62-028 Koziegłowy k/Poznania
Carrefour Market Pszczyna,ul. Bielska 24 43-200 Pszczyna
Carrefour Market Bytom Reptowska,ul. Reptowska 37 41-908 Bytom
Carrefour Wodzisław Śląski,ul. Matuszczyka 2 44-300 Wodzisław Śląski
Carrefour Oświęcim - Centrum Handlowe Niwa,ul. Powstańców Śląskich 1 32-600 Oświęcim
Carrefour Market Katowice Przemysłowa,ul. Przemysłowa 3 40-020 Katowice
Carrefour Bielsko-Biała Sarni Stok,ul. Sarni Stok 2 43-300 Bielsko-Biała
Carrefour Jaworzno Wojska Polskiego,ul. Wojska Polskiego 2D 43-603 Jaworzno
Carrefour Inowrocław,ul. Wojska Polskiego 10 88-109 Inowrocław
Carrefour Piła,ul. 14 Lutego 26 64-920 Piła
Carrefour Market Bydgoszcz Wyzwolenia,ul. Wyzwolenia 66 85-709 Bydgoszcz
Carrefour Gniezno - Galeria Gnieźnieńska,ul. Pałucka 2 62-200 Gniezno
Carrefour Poznań Panorama,ul. Górecka 30 60-201 Poznań
Carrefour Market Zabrze,ul. Jordana 86 41-813 Zabrze
Carrefour Market Nowy Dwór Mazowiecki,ul. Spacerowa 2 05-100 Nowy Dwór Mazowiecki
Carrefour Market Kraśnik,ul. Słowackiego 72 23-210 Kraśnik
Carrefour Elbląg Ogrody,ul. Dąbka 152 82-300 Elbląg
Carrefour Chojnice Bayeux,ul. Bayeux 1 89-604 Chojnice
Carrefour Market Sandomierz,ul. Błonie 2 27-600 Sandomierz
Carrefour Market Kraków Fabryczna,ul. Fabryczna 11 31-553 Kraków
Carrefour Chorzów Parkowa,ul. Parkowa 20 41-500 Chorzów
Carrefour Bydgoszcz Fordon,ul. Skarżyńskiego 2 85-791 Bydgoszcz
Carrefour Market Pyskowice,ul. Armii Krajowej 25/27 44-120 Pyskowice
Carrefour Market Siemianowice Śląskie Jagiełły,ul. Jagiełły 4 41-100 Siemianowice Śląskie
Supermarket Franczyzowy Nysa,ul. Wolności 2 48-300 Nysa
Carrefour Market Warszawa,ul. Dolna 43/45 00-774 Warszawa
Supermarket Franczyzowy Bolesławiec,ul. Śluzowa 21 59-700 Bolesławiec
Supermarket Franczyzowy Konstancin Jeziorna Warszawska,ul. Warszawska 171 05-520 Konstancin Jeziorna
Supermarket Franczyzowy Kąty Wrocławskie,ul. Ks. Jerzego Popiełuszki 21 55-080 Kąty Wrocławskie
Carrefour Market Sandomierz,ul. Błonie 2 27-600 Sandomierz
Carrefour Market Kraków Fabryczna,ul. Fabryczna 11 31-553 Kraków
Carrefour Chorzów Parkowa,ul. Parkowa 20 41-500 Chorzów
Carrefour Bydgoszcz Fordon,ul. Skarżyńskiego 2 85-791 Bydgoszcz
Carrefour Market Pyskowice,ul. Armii Krajowej 25/27 44-120 Pyskowice
Carrefour Market Siemianowice Śląskie Jagiełły,ul. Jagiełły 4 41-100 Siemianowice Śląskie
Supermarket Franczyzowy Nysa,ul. Wolności 2 48-300 Nysa
Carrefour Market Warszawa,ul. Dolna 43/45 00-774 Warszawa
Supermarket Franczyzowy Bolesławiec,ul. Śluzowa 21 59-700 Bolesławiec
Supermarket Franczyzowy Konstancin Jeziorna Warszawska,ul. Warszawska 171 05-520 Konstancin Jeziorna
Supermarket Franczyzowy Kąty Wrocławskie,ul. Ks. Jerzego Popiełuszki 21 55-080 Kąty Wrocławskie
Carrefour Market Sandomierz,ul. Błonie 2 27-600 Sandomierz
Carrefour Market Kraków Fabryczna,ul. Fabryczna 11 31-553 Kraków
Carrefour Chorzów Parkowa,ul. Parkowa 20 41-500 Chorzów
Carrefour Bydgoszcz Fordon,ul. Skarżyńskiego 2 85-791 Bydgoszcz
Carrefour Market Pyskowice,ul. Armii Krajowej 25/27 44-120 Pyskowice
Carrefour Market Siemianowice Śląskie Jagiełły,ul. Jagiełły 4 41-100 Siemianowice Śląskie
Supermarket Franczyzowy Nysa,ul. Wolności 2 48-300 Nysa
Carrefour Market Warszawa,ul. Dolna 43/45 00-774 Warszawa
Supermarket Franczyzowy Bolesławiec,ul. Śluzowa 21 59-700 Bolesławiec
Supermarket Franczyzowy Konstancin Jeziorna Warszawska,ul. Warszawska 171 05-520 Konstancin Jeziorna
Supermarket Franczyzowy Kąty Wrocławskie,ul. Ks. Jerzego Popiełuszki 21 55-080 Kąty Wrocławskie
Carrefour Market Sandomierz,ul. Błonie 2 27-600 Sandomierz
Carrefour Market Kraków Fabryczna,ul. Fabryczna 11 31-553 Kraków
Carrefour Chorzów Parkowa,ul. Parkowa 20 41-500 Chorzów
Carrefour Bydgoszcz Fordon,ul. Skarżyńskiego 2 85-791 Bydgoszcz
Carrefour Market Pyskowice,ul. Armii Krajowej 25/27 44-120 Pyskowice
Carrefour Market Siemianowice Śląskie Jagiełły,ul. Jagiełły 4 41-100 Siemianowice Śląskie
Supermarket Franczyzowy Nysa,ul. Wolności 2 48-300 Nysa
Carrefour Market Warszawa,ul. Dolna 43/45 00-774 Warszawa
Supermarket Franczyzowy Bolesławiec,ul. Śluzowa 21 59-700 Bolesławiec
Supermarket Franczyzowy Konstancin Jeziorna Warszawska,ul. Warszawska 171 05-520 Konstancin Jeziorna
Supermarket Franczyzowy Kąty Wrocławskie,ul. Ks. Jerzego Popiełuszki 21 55-080 Kąty Wrocławskie
Carrefour Market Sandomierz,ul. Błonie 2 27-600 Sandomierz
Carrefour Market Kraków Fabryczna,ul. Fabryczna 11 31-553 Kraków
Carrefour Chorzów Parkowa,ul. Parkowa 20 41-500 Chorzów
Carrefour Bydgoszcz Fordon,ul. Skarżyńskiego 2 85-791 Bydgoszcz
Carrefour Market Pyskowice,ul. Armii Krajowej 25/27 44-120 Pyskowice
Carrefour Market Siemianowice Śląskie Jagiełły,ul. Jagiełły 4 41-100 Siemianowice Śląskie
Supermarket Franczyzowy Nysa,ul. Wolności 2 48-300 Nysa
Carrefour Market Warszawa,ul. Dolna 43/45 00-774 Warszawa
Supermarket Franczyzowy Bolesławiec,ul. Śluzowa 21 59-700 Bolesławiec
Supermarket Franczyzowy Konstancin Jeziorna Warszawska,ul. Warszawska 171 05-520 Konstancin Jeziorna
Supermarket Franczyzowy Kąty Wrocławskie,ul. Ks. Jerzego Popiełuszki 21 55-080 Kąty Wrocławskie
Carrefour Lublin,ul. Witosa 6 20-315 Lublin
Carrefour Market Zabrze Janika,ul. Janika 11 41-800 Zabrze
Carrefour Kędzierzyn-Koźle,ul. Kozielska 20 47-220 Kędzierzyn-Koźle
Carrefour Bydgoszcz Glinki,ul. Jana Pawła II 115 85-140 Bydgoszcz
Carrefour Market Katowice,ul. Św. Wojciecha 3 40-474 Katowice
Carrefour Gliwice Arena,ul. Nowaka-Jeziorańskiego 1 44-102 Gliwice
Carrefour Market Świdnik,ul. Lotników Polskich 38 21-040 Świdnik
Carrefour Szczecin Gumieńce,ul. Mieszka I 73 71-011 Szczecin
Carrefour Market Warszawa Światowida,ul. Światowida 18 03-144 Warszawa
Carrefour Market Legionowo,ul. Piłsudskiego 43a 05-120 Legionowo
Carrefour Market Siedlce,ul. Monte Cassino 77 08-110 Siedlce
Carrefour Tczew,ul. Braci Grimm 4 83-110 Tczew
Carrefour Lublin,ul. Witosa 6 20-315 Lublin
Carrefour Market Zabrze Janika,ul. Janika 11 41-800 Zabrze
Carrefour Kędzierzyn-Koźle,ul. Kozielska 20 47-220 Kędzierzyn-Koźle
Carrefour Bydgoszcz Glinki,ul. Jana Pawła II 115 85-140 Bydgoszcz
Carrefour Market Katowice,ul. Św. Wojciecha 3 40-474 Katowice
Carrefour Gliwice Arena,ul. Nowaka-Jeziorańskiego 1 44-102 Gliwice
Carrefour Market Świdnik,ul. Lotników Polskich 38 21-040 Świdnik
Carrefour Szczecin Gumieńce,ul. Mieszka I 73 71-011 Szczecin
Carrefour Market Warszawa Światowida,ul. Światowida 18 03-144 Warszawa
Carrefour Market Legionowo,ul. Piłsudskiego 43a 05-120 Legionowo
Carrefour Market Siedlce,ul. Monte Cassino 77 08-110 Siedlce
Carrefour Tczew,ul. Braci Grimm 4 83-110 Tczew
Carrefour Białystok Zielone Wzgórze,ul. Wrocławska 20 15-644 Białystok
Carrefour Olsztyn,ul. Krasickiego 1 b 10-685 Olsztyn
Carrefour Grudziądz - Galeria ka,ul. Konarskiego 45 86-300 Grudziądz
Carrefour Express Warszawa Marszałkowska 104/122,ul. Marszałkowska 104/122 00-017 Warszawa
Carrefour Express Sopot,ul. Kościuszki 26 81-702 Sopot
Carrefour Białystok - Outlet,ul. Wysockiego 67 15-168 Białystok
Carrefour Gdańsk Factory,ul. Przywidzka 6 80-174 Gdańsk
Carrefour Market Warszawa Klaudyny,ul. Klaudyny 26 01-684 Warszawa
Carrefour Market Warszawa - Mokotów,ul. Modzelewskiego 42/44 02-679 Warszawa
Carrefour Market Ciechanów Armii Krajowej,ul. Armii Krajowej 24 06-413 Ciechanów
Carrefour Market Łódź Zarzewska,ul. Zarzewska 51 93-129 Łódź
Carrefour Market Rzeszów Obrońców Poczty Gdańskiej,ul. Obrońców Poczty Gdańskiej 14 35-326 Rzeszów
Carrefour Łódź Przybyszewskiego,ul. Przybyszewskiego 176/178 93-120 Łódź
Carrefour Zawada Turawa,ul. Dębowa 1 46-022 Zawada
Carrefour Pabianice Carrefour,ul. Popławska 4/20 95-200 Pabianice
Carrefour Bolesławiec 10-go Marca,ul. 10-go Marca 1 59-700 Bolesławiec
Carrefour Market Żyrardów,ul. Jadwigi Janiny Kacperskiej 13 96-300 Żyrardów
Carrefour Zgorzelec Łagów,ul. Jeleniogórska 42 59-900 Zgorzelec
Carrefour Market Jasło,ul. Baczyńskiego 20 38-200 Jasło
Carrefour Market Sanok,ul. Traugutta 78/1 38-500 Sanok
Carrefour Market Krosno Lewakowskiego,ul. Lewakowskiego 5 38-400 Krosno
Carrefour Nowy Sącz Węgierska,ul. Węgierska 170 33-300 Nowy Sącz
Carrefour Warszawa Wileńska,ul. Targowa 72 03-734 Warszawa
Supermarket Franczyzowy Poznań Nowogrodzka,ul. Nowogrodzka 13/15 61-048 Poznań
Carrefour Market Łomża,ul. Zawadzka 38 18-400 Łomża
Carrefour Bielany Wrocławskie Bielany,ul. Czekoladowa 7/9 55-040 Bielany Wrocławskie
Carrefour Ostrowiec Świętokrzyski,ul. Mickiewicza 30 27-400 Ostrowiec Świętokrzyski
Carrefour Market Warszawa,ul. Anny German 20 01-794 Warszawa
Carrefour Market Lublin Olimp,ul. Al. Spółdzielczości Pracy 32 20-147 Lublin
Supermarket Franczyzowy Chrzanów,ul. Szpitalna 45 32-500 Chrzanów
Carrefour Market Stalowa Wola,ul. Jana Pawła II 44 37-450 Stalowa Wola
Carrefour Biała Podlaska Jana III Sobieskiego,ul. Jana III Sobieskiego 9 21-500 Biała Podlaska
Carrefour Chełm Lwowska,ul. Lwowska 81 22-100 Chełm
Carrefour Stojadła (koło Mińsk Mazowiecki),ul. Warszawska 61 05-300 Stojadła (koło Mińsk Mazowiecki)
Carrefour Katowice Roździeńskiego,ul. Roździeńskiego 200 40-315 Katowice
Carrefour Bytom Plejada,ul. Jana Nowaka Jeziorańskiego 25 41-923 Bytom
Carrefour Jastrzębie Zdrój,ul. Podhalańska 26 44-335 Jastrzębie Zdrój
Carrefour Gliwice Forum,ul. Lipowa 1 44-100 Gliwice
Carrefour Tarnowskie Góry,ul. Kościuszki 5 42-600 Tarnowskie Góry
Carrefour Market Ustroń,ul. Brody 6 43-450 Ustroń
Carrefour Market Lędziny,ul. Lędzinska 1 43-143 Lędziny
Carrefour Szczecin Turzyn,ul. Bohaterów Warszawy 42 70-342 Szczecin
Carrefour Toruń - skie Centrum Handlowe Bielawy,ul. Olsztyńska 8 87-100 Toruń
Carrefour Market Poznań Kosmonautów,ul. Osiedle Kosmonautów 104 61-642 Poznań
Carrefour Market Wrocław pl. Dominikański,ul. Plac Dominikański 3 50-159 Wrocław
Carrefour Rybnik - Galeria Śląska,ul. Gliwicka 45 44-200 Rybnik
Carrefour Market Płońsk,ul. Północna 1A 09-100 Płońsk
Carrefour Market Warszawa Rembielińska,ul. Rembielińska 7 03-343 Warszawa
Carrefour Market Warszawa Sadyba,ul. Powsińska 31 02-903 Warszawa
Carrefour Warszawa Bemowo,ul. Powstańców Śląskich 126 01-466 Warszawa
Carrefour Bydgoszcz Galeria Pomorska,ul. Fordońska 141 85-739 Bydgoszcz
Carrefour Starogard Gdański,ul. Niepodległości 2a 83-200 Starogard Gdański
Carrefour Kwidzyn - Stary Młyn,ul. 3 Maja 26 82-500 Kwidzyn
Carrefour Warszawa - Galeria Mokotów,ul. Wołoska 12 02-675 Warszawa
Carrefour Market Grodzisk Mazowiecki,ul. Królewska 86 05-827 Grodzisk Mazowiecki
Carrefour Express Warszawa Solec,ul. Solec 32/34 00-391 Warszawa
Carrefour Express Warszawa ONZ,ul. Rondo ONZ 1 00-124 Warszawa
Carrefour Market Gdańsk Cygańska Góra,ul. Cygańska Góra 3F 80-171 Gdańsk
Carrefour Gdańsk - Galeria Bałtycka,ul. Grunwaldzka 141 80-264 Gdańsk
Carrefour Market Kraków Galeria Kazimierz,ul. Podgórska 34 31-536 Kraków
Carrefour Market Łódź Grabieniec,ul. Grabieniec 19 91-149 Łódź
Carrefour Market Płock,ul. Przemysłowa 1 09-400 Płock
Carrefour Łódź Łodź Kolumny,ul. Kolumny 6/36 93-342 Łódź
Carrefour Kraków Czyżyny,ul. M.Medweckiego 2 31-870 Kraków
Carrefour Legnica Piekary,ul. Piłsudskiego 84 59-220 Legnica
Carrefour Kutno,ul. Oporowska 6A 99-300 Kutno
Carrefour Sochaczew,ul. Warszawska 119 96-500 Sochaczew
Carrefour Market Łódź,ul. Rydza Śmigłego 32A 93-285 Łódź
Carrefour Express Łódź Legionów,ul. Legionów 16 90-701 Łódź
Carrefour Głogów,ul. Ks. Józefa Poniatowskiego 12 67-205 Głogów
Carrefour Market Brzesko,ul. Królowej Jadwigi 3 32-800 Brzesko
Carrefour Market Wadowice,ul. J. Putka 2 34-100 Wadowice
Carrefour Market Kraków Lea,ul. Juliusza Lea 53 30-133 Kraków
Carrefour Wrocław - Futura Park,ul. Graniczna 2A 54-610 Wrocław
Carrefour Kłodzko - Galeria Twierdza,ul. Noworudzka 2 57-300 Kłodzko
Carrefour Market Lublin,ul. Andersa 9 20-249 Lublin
Carrefour Zamość Lwowska,ul. Lwowska 56 22-400 Zamość
Supermarket Franczyzowy Nowy Sącz,ul. Armii Krajowej 13 33-300 Nowy Sącz
Supermarket Franczyzowy Pruszków,ul. Powstańców 44 05-800 Pruszków
Supermarket Franczyzowy Kraków Bobrzyńskiego,ul. Michała Bobrzyńskiego 37 30-348 Kraków
Supermarket Franczyzowy Koło,ul. Sienkiewicza 30c 62-600 Koło
Supermarket Franczyzowy Wrocław Bardzka,ul. Bardzka 3 50-517 Wrocław
Supermarket Franczyzowy Myślenice,ul. Słowackiego 42 32-400 Myślenice
Carrefour Market Poznań,ul. Półwiejska 42 61-888 Poznań
Supermarket Franczyzowy Legnica,ul. Najświętszej Marii Panny 9 59-220 Legnica
Supermarket Franczyzowy Tuchów,ul. Kazimierza Wielkiego 12 33-170 Tuchów
Carrefour Sosnowiec,ul. Staszica 8B 41-200 Sosnowiec
Carrefour Market Ruda Śląska,ul. 1-go Maja 310 41-710 Ruda Śląska
Carrefour Market Sosnowiec Główna,ul. Główna 22 41-215 Sosnowiec
Carrefour Market Lubliniec,ul. Karola Miarki 11A 42-700 Lubliniec
Carrefour Market Koziegłowy k/Poznania Koziegłowy,ul. Poznańska 15 62-028 Koziegłowy k/Poznania
Carrefour Market Pszczyna,ul. Bielska 24 43-200 Pszczyna
Carrefour Market Bytom Reptowska,ul. Reptowska 37 41-908 Bytom
Carrefour Wodzisław Śląski,ul. Matuszczyka 2 44-300 Wodzisław Śląski
Carrefour Oświęcim - Centrum Handlowe Niwa,ul. Powstańców Śląskich 1 32-600 Oświęcim
Carrefour Market Katowice Przemysłowa,ul. Przemysłowa 3 40-020 Katowice
Carrefour Bielsko-Biała Sarni Stok,ul. Sarni Stok 2 43-300 Bielsko-Biała
Carrefour Jaworzno Wojska Polskiego,ul. Wojska Polskiego 2D 43-603 Jaworzno
Carrefour Inowrocław,ul. Wojska Polskiego 10 88-109 Inowrocław
Carrefour Piła,ul. 14 Lutego 26 64-920 Piła
Carrefour Market Bydgoszcz Wyzwolenia,ul. Wyzwolenia 66 85-709 Bydgoszcz
Carrefour Gniezno - Galeria Gnieźnieńska,ul. Pałucka 2 62-200 Gniezno
Carrefour Poznań Panorama,ul. Górecka 30 60-201 Poznań
Carrefour Market Zabrze,ul. Jordana 86 41-813 Zabrze
Carrefour Market Nowy Dwór Mazowiecki,ul. Spacerowa 2 05-100 Nowy Dwór Mazowiecki
Carrefour Market Kraśnik,ul. Słowackiego 72 23-210 Kraśnik
Carrefour Elbląg Ogrody,ul. Dąbka 152 82-300 Elbląg
Carrefour Chojnice Bayeux,ul. Bayeux 1 89-604 Chojnice
Carrefour Market Sandomierz,ul. Błonie 2 27-600 Sandomierz
Carrefour Market Kraków Fabryczna,ul. Fabryczna 11 31-553 Kraków
Carrefour Chorzów Parkowa,ul. Parkowa 20 41-500 Chorzów
Carrefour Bydgoszcz Fordon,ul. Skarżyńskiego 2 85-791 Bydgoszcz
Carrefour Market Pyskowice,ul. Armii Krajowej 25/27 44-120 Pyskowice
Carrefour Market Siemianowice Śląskie Jagiełły,ul. Jagiełły 4 41-100 Siemianowice Śląskie
Supermarket Franczyzowy Nysa,ul. Wolności 2 48-300 Nysa
Carrefour Market Warszawa,ul. Dolna 43/45 00-774 Warszawa
Supermarket Franczyzowy Bolesławiec,ul. Śluzowa 21 59-700 Bolesławiec
Supermarket Franczyzowy Konstancin Jeziorna Warszawska,ul. Warszawska 171 05-520 Konstancin Jeziorna
Supermarket Franczyzowy Kąty Wrocławskie,ul. Ks. Jerzego Popiełuszki 21 55-080 Kąty Wrocławskie
Carrefour Market Sandomierz,ul. Błonie 2 27-600 Sandomierz
Carrefour Market Kraków Fabryczna,ul. Fabryczna 11 31-553 Kraków
Carrefour Chorzów Parkowa,ul. Parkowa 20 41-500 Chorzów
Carrefour Bydgoszcz Fordon,ul. Skarżyńskiego 2 85-791 Bydgoszcz
Carrefour Market Pyskowice,ul. Armii Krajowej 25/27 44-120 Pyskowice
Carrefour Market Siemianowice Śląskie Jagiełły,ul. Jagiełły 4 41-100 Siemianowice Śląskie
Supermarket Franczyzowy Nysa,ul. Wolności 2 48-300 Nysa
Carrefour Market Warszawa,ul. Dolna 43/45 00-774 Warszawa
Supermarket Franczyzowy Bolesławiec,ul. Śluzowa 21 59-700 Bolesławiec
Supermarket Franczyzowy Konstancin Jeziorna Warszawska,ul. Warszawska 171 05-520 Konstancin Jeziorna
Supermarket Franczyzowy Kąty Wrocławskie,ul. Ks. Jerzego Popiełuszki 21 55-080 Kąty Wrocławskie
Carrefour Market Sandomierz,ul. Błonie 2 27-600 Sandomierz
Carrefour Market Kraków Fabryczna,ul. Fabryczna 11 31-553 Kraków
Carrefour Chorzów Parkowa,ul. Parkowa 20 41-500 Chorzów
Carrefour Bydgoszcz Fordon,ul. Skarżyńskiego 2 85-791 Bydgoszcz
Carrefour Market Pyskowice,ul. Armii Krajowej 25/27 44-120 Pyskowice
Carrefour Market Siemianowice Śląskie Jagiełły,ul. Jagiełły 4 41-100 Siemianowice Śląskie
Supermarket Franczyzowy Nysa,ul. Wolności 2 48-300 Nysa
Carrefour Market Warszawa,ul. Dolna 43/45 00-774 Warszawa
Supermarket Franczyzowy Bolesławiec,ul. Śluzowa 21 59-700 Bolesławiec
Supermarket Franczyzowy Konstancin Jeziorna Warszawska,ul. Warszawska 171 05-520 Konstancin Jeziorna
Supermarket Franczyzowy Kąty Wrocławskie,ul. Ks. Jerzego Popiełuszki 21 55-080 Kąty Wrocławskie
Carrefour Market Sandomierz,ul. Błonie 2 27-600 Sandomierz
Carrefour Market Kraków Fabryczna,ul. Fabryczna 11 31-553 Kraków
Carrefour Chorzów Parkowa,ul. Parkowa 20 41-500 Chorzów
Carrefour Bydgoszcz Fordon,ul. Skarżyńskiego 2 85-791 Bydgoszcz
Carrefour Market Pyskowice,ul. Armii Krajowej 25/27 44-120 Pyskowice
Carrefour Market Siemianowice Śląskie Jagiełły,ul. Jagiełły 4 41-100 Siemianowice Śląskie
Supermarket Franczyzowy Nysa,ul. Wolności 2 48-300 Nysa
Carrefour Market Warszawa,ul. Dolna 43/45 00-774 Warszawa
Supermarket Franczyzowy Bolesławiec,ul. Śluzowa 21 59-700 Bolesławiec
Supermarket Franczyzowy Konstancin Jeziorna Warszawska,ul. Warszawska 171 05-520 Konstancin Jeziorna
Supermarket Franczyzowy Kąty Wrocławskie,ul. Ks. Jerzego Popiełuszki 21 55-080 Kąty Wrocławskie
Carrefour Market Sandomierz,ul. Błonie 2 27-600 Sandomierz
Carrefour Market Kraków Fabryczna,ul. Fabryczna 11 31-553 Kraków
Carrefour Chorzów Parkowa,ul. Parkowa 20 41-500 Chorzów
Carrefour Bydgoszcz Fordon,ul. Skarżyńskiego 2 85-791 Bydgoszcz
Carrefour Market Pyskowice,ul. Armii Krajowej 25/27 44-120 Pyskowice
Carrefour Market Siemianowice Śląskie Jagiełły,ul. Jagiełły 4 41-100 Siemianowice Śląskie
Supermarket Franczyzowy Nysa,ul. Wolności 2 48-300 Nysa
Carrefour Market Warszawa,ul. Dolna 43/45 00-774 Warszawa
Supermarket Franczyzowy Bolesławiec,ul. Śluzowa 21 59-700 Bolesławiec
Supermarket Franczyzowy Konstancin Jeziorna Warszawska,ul. Warszawska 171 05-520 Konstancin Jeziorna
Supermarket Franczyzowy Kąty Wrocławskie,ul. Ks. Jerzego Popiełuszki 21 55-080 Kąty Wrocławskie
Carrefour Lublin,ul. Witosa 6 20-315 Lublin
Carrefour Market Zabrze Janika,ul. Janika 11 41-800 Zabrze
Carrefour Kędzierzyn-Koźle,ul. Kozielska 20 47-220 Kędzierzyn-Koźle
Carrefour Bydgoszcz Glinki,ul. Jana Pawła II 115 85-140 Bydgoszcz
Carrefour Market Katowice,ul. Św. Wojciecha 3 40-474 Katowice
Carrefour Gliwice Arena,ul. Nowaka-Jeziorańskiego 1 44-102 Gliwice
Carrefour Market Świdnik,ul. Lotników Polskich 38 21-040 Świdnik
Carrefour Szczecin Gumieńce,ul. Mieszka I 73 71-011 Szczecin
Carrefour Market Warszawa Światowida,ul. Światowida 18 03-144 Warszawa
Carrefour Market Legionowo,ul. Piłsudskiego 43a 05-120 Legionowo
Carrefour Market Siedlce,ul. Monte Cassino 77 08-110 Siedlce
Carrefour Tczew,ul. Braci Grimm 4 83-110 Tczew
Carrefour Lublin,ul. Witosa 6 20-315 Lublin
Carrefour Market Zabrze Janika,ul. Janika 11 41-800 Zabrze
Carrefour Kędzierzyn-Koźle,ul. Kozielska 20 47-220 Kędzierzyn-Koźle
Carrefour Bydgoszcz Glinki,ul. Jana Pawła II 115 85-140 Bydgoszcz
Carrefour Market Katowice,ul. Św. Wojciecha 3 40-474 Katowice
Carrefour Gliwice Arena,ul. Nowaka-Jeziorańskiego 1 44-102 Gliwice
Carrefour Market Świdnik,ul. Lotników Polskich 38 21-040 Świdnik
Carrefour Szczecin Gumieńce,ul. Mieszka I 73 71-011 Szczecin
Carrefour Market Warszawa Światowida,ul. Światowida 18 03-144 Warszawa
Carrefour Market Legionowo,ul. Piłsudskiego 43a 05-120 Legionowo
Carrefour Market Siedlce,ul. Monte Cassino 77 08-110 Siedlce
Carrefour Tczew,ul. Braci Grimm 4 83-110 Tczew
Carrefour Białystok Zielone Wzgórze,ul. Wrocławska 20 15-644 Białystok
Carrefour Olsztyn,ul. Krasickiego 1 b 10-685 Olsztyn
Carrefour Grudziądz - Galeria ka,ul. Konarskiego 45 86-300 Grudziądz
Carrefour Express Warszawa Marszałkowska 104/122,ul. Marszałkowska 104/122 00-017 Warszawa
Carrefour Express Sopot,ul. Kościuszki 26 81-702 Sopot
Carrefour Białystok - Outlet,ul. Wysockiego 67 15-168 Białystok
Carrefour Gdańsk Factory,ul. Przywidzka 6 80-174 Gdańsk
Carrefour Market Warszawa Klaudyny,ul. Klaudyny 26 01-684 Warszawa
Carrefour Market Warszawa - Mokotów,ul. Modzelewskiego 42/44 02-679 Warszawa
Carrefour Market Ciechanów Armii Krajowej,ul. Armii Krajowej 24 06-413 Ciechanów
Carrefour Market Łódź Zarzewska,ul. Zarzewska 51 93-129 Łódź
Carrefour Market Rzeszów Obrońców Poczty Gdańskiej,ul. Obrońców Poczty Gdańskiej 14 35-326 Rzeszów
Carrefour Łódź Przybyszewskiego,ul. Przybyszewskiego 176/178 93-120 Łódź
Carrefour Zawada Turawa,ul. Dębowa 1 46-022 Zawada
Carrefour Pabianice Carrefour,ul. Popławska 4/20 95-200 Pabianice
Carrefour Bolesławiec 10-go Marca,ul. 10-go Marca 1 59-700 Bolesławiec
Carrefour Market Żyrardów,ul. Jadwigi Janiny Kacperskiej 13 96-300 Żyrardów
Carrefour Zgorzelec Łagów,ul. Jeleniogórska 42 59-900 Zgorzelec
Carrefour Market Jasło,ul. Baczyńskiego 20 38-200 Jasło
Carrefour Market Sanok,ul. Traugutta 78/1 38-500 Sanok
Carrefour Market Krosno Lewakowskiego,ul. Lewakowskiego 5 38-400 Krosno
Carrefour Nowy Sącz Węgierska,ul. Węgierska 170 33-300 Nowy Sącz
Carrefour Warszawa Wileńska,ul. Targowa 72 03-734 Warszawa
Supermarket Franczyzowy Poznań Nowogrodzka,ul. Nowogrodzka 13/15 61-048 Poznań
Carrefour Market Łomża,ul. Zawadzka 38 18-400 Łomża
Carrefour Bielany Wrocławskie Bielany,ul. Czekoladowa 7/9 55-040 Bielany Wrocławskie
Carrefour Ostrowiec Świętokrzyski,ul. Mickiewicza 30 27-400 Ostrowiec Świętokrzyski
Carrefour Market Warszawa,ul. Anny German 20 01-794 Warszawa
Carrefour Market Lublin Olimp,ul. Al. Spółdzielczości Pracy 32 20-147 Lublin
Supermarket Franczyzowy Chrzanów,ul. Szpitalna 45 32-500 Chrzanów
Carrefour Market Stalowa Wola,ul. Jana Pawła II 44 37-450 Stalowa Wola
Carrefour Biała Podlaska Jana III Sobieskiego,ul. Jana III Sobieskiego 9 21-500 Biała Podlaska
Carrefour Chełm Lwowska,ul. Lwowska 81 22-100 Chełm
Carrefour Stojadła (koło Mińsk Mazowiecki),ul. Warszawska 61 05-300 Stojadła (koło Mińsk Mazowiecki)
Carrefour Katowice Roździeńskiego,ul. Roździeńskiego 200 40-315 Katowice
Carrefour Bytom Plejada,ul. Jana Nowaka Jeziorańskiego 25 41-923 Bytom
Carrefour Jastrzębie Zdrój,ul. Podhalańska 26 44-335 Jastrzębie Zdrój
Carrefour Gliwice Forum,ul. Lipowa 1 44-100 Gliwice
Carrefour Tarnowskie Góry,ul. Kościuszki 5 42-600 Tarnowskie Góry
Carrefour Market Ustroń,ul. Brody 6 43-450 Ustroń
Carrefour Market Lędziny,ul. Lędzinska 1 43-143 Lędziny
Carrefour Szczecin Turzyn,ul. Bohaterów Warszawy 42 70-342 Szczecin
Carrefour Toruń - skie Centrum Handlowe Bielawy,ul. Olsztyńska 8 87-100 Toruń
Carrefour Market Poznań Kosmonautów,ul. Osiedle Kosmonautów 104 61-642 Poznań
Carrefour Market Wrocław pl. Dominikański,ul. Plac Dominikański 3 50-159 Wrocław
Carrefour Rybnik - Galeria Śląska,ul. Gliwicka 45 44-200 Rybnik
Carrefour Market Płońsk,ul. Północna 1A 09-100 Płońsk
Carrefour Market Warszawa Rembielińska,ul. Rembielińska 7 03-343 Warszawa
Carrefour Market Warszawa Sadyba,ul. Powsińska 31 02-903 Warszawa
Carrefour Warszawa Bemowo,ul. Powstańców Śląskich 126 01-466 Warszawa
Carrefour Bydgoszcz Galeria Pomorska,ul. Fordońska 141 85-739 Bydgoszcz
Carrefour Starogard Gdański,ul. Niepodległości 2a 83-200 Starogard Gdański
Carrefour Kwidzyn - Stary Młyn,ul. 3 Maja 26 82-500 Kwidzyn
Carrefour Warszawa - Galeria Mokotów,ul. Wołoska 12 02-675 Warszawa
Carrefour Market Grodzisk Mazowiecki,ul. Królewska 86 05-827 Grodzisk Mazowiecki
Carrefour Express Warszawa Solec,ul. Solec 32/34 00-391 Warszawa
Carrefour Express Warszawa ONZ,ul. Rondo ONZ 1 00-124 Warszawa
Carrefour Market Gdańsk Cygańska Góra,ul. Cygańska Góra 3F 80-171 Gdańsk
Carrefour Gdańsk - Galeria Bałtycka,ul. Grunwaldzka 141 80-264 Gdańsk
Carrefour Market Kraków Galeria Kazimierz,ul. Podgórska 34 31-536 Kraków
Carrefour Market Łódź Grabieniec,ul. Grabieniec 19 91-149 Łódź
Carrefour Market Płock,ul. Przemysłowa 1 09-400 Płock
Carrefour Łódź Łodź Kolumny,ul. Kolumny 6/36 93-342 Łódź
Carrefour Kraków Czyżyny,ul. M.Medweckiego 2 31-870 Kraków
Carrefour Legnica Piekary,ul. Piłsudskiego 84 59-220 Legnica
Carrefour Kutno,ul. Oporowska 6A 99-300 Kutno
Carrefour Sochaczew,ul. Warszawska 119 96-500 Sochaczew
Carrefour Market Łódź,ul. Rydza Śmigłego 32A 93-285 Łódź
Carrefour Express Łódź Legionów,ul. Legionów 16 90-701 Łódź
Carrefour Głogów,ul. Ks. Józefa Poniatowskiego 12 67-205 Głogów
Carrefour Market Brzesko,ul. Królowej Jadwigi 3 32-800 Brzesko
Carrefour Market Wadowice,ul. J. Putka 2 34-100 Wadowice
Carrefour Market Kraków Lea,ul. Juliusza Lea 53 30-133 Kraków
Carrefour Wrocław - Futura Park,ul. Graniczna 2A 54-610 Wrocław
Carrefour Kłodzko - Galeria Twierdza,ul. Noworudzka 2 57-300 Kłodzko
Carrefour Market Lublin,ul. Andersa 9 20-249 Lublin
Carrefour Zamość Lwowska,ul. Lwowska 56 22-400 Zamość
Supermarket Franczyzowy Nowy Sącz,ul. Armii Krajowej 13 33-300 Nowy Sącz
Supermarket Franczyzowy Pruszków,ul. Powstańców 44 05-800 Pruszków
Supermarket Franczyzowy Kraków Bobrzyńskiego,ul. Michała Bobrzyńskiego 37 30-348 Kraków
Supermarket Franczyzowy Koło,ul. Sienkiewicza 30c 62-600 Koło
Supermarket Franczyzowy Wrocław Bardzka,ul. Bardzka 3 50-517 Wrocław
Supermarket Franczyzowy Myślenice,ul. Słowackiego 42 32-400 Myślenice
Carrefour Market Poznań,ul. Półwiejska 42 61-888 Poznań
Supermarket Franczyzowy Legnica,ul. Najświętszej Marii Panny 9 59-220 Legnica
Supermarket Franczyzowy Tuchów,ul. Kazimierza Wielkiego 12 33-170 Tuchów
Carrefour Sosnowiec,ul. Staszica 8B 41-200 Sosnowiec
Carrefour Market Ruda Śląska,ul. 1-go Maja 310 41-710 Ruda Śląska
Carrefour Market Sosnowiec Główna,ul. Główna 22 41-215 Sosnowiec
Carrefour Market Lubliniec,ul. Karola Miarki 11A 42-700 Lubliniec
Carrefour Market Koziegłowy k/Poznania Koziegłowy,ul. Poznańska 15 62-028 Koziegłowy k/Poznania
Carrefour Market Pszczyna,ul. Bielska 24 43-200 Pszczyna
Carrefour Market Bytom Reptowska,ul. Reptowska 37 41-908 Bytom
Carrefour Wodzisław Śląski,ul. Matuszczyka 2 44-300 Wodzisław Śląski
Carrefour Oświęcim - Centrum Handlowe Niwa,ul. Powstańców Śląskich 1 32-600 Oświęcim
Carrefour Market Katowice Przemysłowa,ul. Przemysłowa 3 40-020 Katowice
Carrefour Bielsko-Biała Sarni Stok,ul. Sarni Stok 2 43-300 Bielsko-Biała
Carrefour Jaworzno Wojska Polskiego,ul. Wojska Polskiego 2D 43-603 Jaworzno
Carrefour Inowrocław,ul. Wojska Polskiego 10 88-109 Inowrocław
Carrefour Piła,ul. 14 Lutego 26 64-920 Piła
Carrefour Market Bydgoszcz Wyzwolenia,ul. Wyzwolenia 66 85-709 Bydgoszcz
Carrefour Gniezno - Galeria Gnieźnieńska,ul. Pałucka 2 62-200 Gniezno
Carrefour Poznań Panorama,ul. Górecka 30 60-201 Poznań
Carrefour Market Zabrze,ul. Jordana 86 41-813 Zabrze
Carrefour Market Nowy Dwór Mazowiecki,ul. Spacerowa 2 05-100 Nowy Dwór Mazowiecki
Carrefour Market Kraśnik,ul. Słowackiego 72 23-210 Kraśnik
Carrefour Elbląg Ogrody,ul. Dąbka 152 82-300 Elbląg
Carrefour Chojnice Bayeux,ul. Bayeux 1 89-604 Chojnice
Carrefour Market Sandomierz,ul. Błonie 2 27-600 Sandomierz
Carrefour Market Kraków Fabryczna,ul. Fabryczna 11 31-553 Kraków
Carrefour Chorzów Parkowa,ul. Parkowa 20 41-500 Chorzów
Carrefour Bydgoszcz Fordon,ul. Skarżyńskiego 2 85-791 Bydgoszcz
Carrefour Market Pyskowice,ul. Armii Krajowej 25/27 44-120 Pyskowice
Carrefour Market Siemianowice Śląskie Jagiełły,ul. Jagiełły 4 41-100 Siemianowice Śląskie
Supermarket Franczyzowy Nysa,ul. Wolności 2 48-300 Nysa
Carrefour Market Warszawa,ul. Dolna 43/45 00-774 Warszawa
Supermarket Franczyzowy Bolesławiec,ul. Śluzowa 21 59-700 Bolesławiec
Supermarket Franczyzowy Konstancin Jeziorna Warszawska,ul. Warszawska 171 05-520 Konstancin Jeziorna
Supermarket Franczyzowy Kąty Wrocławskie,ul. Ks. Jerzego Popiełuszki 21 55-080 Kąty Wrocławskie
Carrefour Market Sandomierz,ul. Błonie 2 27-600 Sandomierz
Carrefour Market Kraków Fabryczna,ul. Fabryczna 11 31-553 Kraków
Carrefour Chorzów Parkowa,ul. Parkowa 20 41-500 Chorzów
Carrefour Bydgoszcz Fordon,ul. Skarżyńskiego 2 85-791 Bydgoszcz
Carrefour Market Pyskowice,ul. Armii Krajowej 25/27 44-120 Pyskowice
Carrefour Market Siemianowice Śląskie Jagiełły,ul. Jagiełły 4 41-100 Siemianowice Śląskie
Supermarket Franczyzowy Nysa,ul. Wolności 2 48-300 Nysa
Carrefour Market Warszawa,ul. Dolna 43/45 00-774 Warszawa
Supermarket Franczyzowy Bolesławiec,ul. Śluzowa 21 59-700 Bolesławiec
Supermarket Franczyzowy Konstancin Jeziorna Warszawska,ul. Warszawska 171 05-520 Konstancin Jeziorna
Supermarket Franczyzowy Kąty Wrocławskie,ul. Ks. Jerzego Popiełuszki 21 55-080 Kąty Wrocławskie
Carrefour Market Sandomierz,ul. Błonie 2 27-600 Sandomierz
Carrefour Market Kraków Fabryczna,ul. Fabryczna 11 31-553 Kraków
Carrefour Chorzów Parkowa,ul. Parkowa 20 41-500 Chorzów
Carrefour Bydgoszcz Fordon,ul. Skarżyńskiego 2 85-791 Bydgoszcz
Carrefour Market Pyskowice,ul. Armii Krajowej 25/27 44-120 Pyskowice
Carrefour Market Siemianowice Śląskie Jagiełły,ul. Jagiełły 4 41-100 Siemianowice Śląskie
Supermarket Franczyzowy Nysa,ul. Wolności 2 48-300 Nysa
Carrefour Market Warszawa,ul. Dolna 43/45 00-774 Warszawa
Supermarket Franczyzowy Bolesławiec,ul. Śluzowa 21 59-700 Bolesławiec
Supermarket Franczyzowy Konstancin Jeziorna Warszawska,ul. Warszawska 171 05-520 Konstancin Jeziorna
Supermarket Franczyzowy Kąty Wrocławskie,ul. Ks. Jerzego Popiełuszki 21 55-080 Kąty Wrocławskie
Carrefour Market Sandomierz,ul. Błonie 2 27-600 Sandomierz
Carrefour Market Kraków Fabryczna,ul. Fabryczna 11 31-553 Kraków
Carrefour Chorzów Parkowa,ul. Parkowa 20 41-500 Chorzów
Carrefour Bydgoszcz Fordon,ul. Skarżyńskiego 2 85-791 Bydgoszcz
Carrefour Market Pyskowice,ul. Armii Krajowej 25/27 44-120 Pyskowice
Carrefour Market Siemianowice Śląskie Jagiełły,ul. Jagiełły 4 41-100 Siemianowice Śląskie
Supermarket Franczyzowy Nysa,ul. Wolności 2 48-300 Nysa
Carrefour Market Warszawa,ul. Dolna 43/45 00-774 Warszawa
Supermarket Franczyzowy Bolesławiec,ul. Śluzowa 21 59-700 Bolesławiec
Supermarket Franczyzowy Konstancin Jeziorna Warszawska,ul. Warszawska 171 05-520 Konstancin Jeziorna
Supermarket Franczyzowy Kąty Wrocławskie,ul. Ks. Jerzego Popiełuszki 21 55-080 Kąty Wrocławskie
Carrefour Market Sandomierz,ul. Błonie 2 27-600 Sandomierz
Carrefour Market Kraków Fabryczna,ul. Fabryczna 11 31-553 Kraków
Carrefour Chorzów Parkowa,ul. Parkowa 20 41-500 Chorzów
Carrefour Bydgoszcz Fordon,ul. Skarżyńskiego 2 85-791 Bydgoszcz
Carrefour Market Pyskowice,ul. Armii Krajowej 25/27 44-120 Pyskowice
Carrefour Market Siemianowice Śląskie Jagiełły,ul. Jagiełły 4 41-100 Siemianowice Śląskie
Supermarket Franczyzowy Nysa,ul. Wolności 2 48-300 Nysa
Carrefour Market Warszawa,ul. Dolna 43/45 00-774 Warszawa
Supermarket Franczyzowy Bolesławiec,ul. Śluzowa 21 59-700 Bolesławiec
Supermarket Franczyzowy Konstancin Jeziorna Warszawska,ul. Warszawska 171 05-520 Konstancin Jeziorna
Supermarket Franczyzowy Kąty Wrocławskie,ul. Ks. Jerzego Popiełuszki 21 55-080 Kąty Wrocławskie
